key,rank,lemma,pos,gloss,prompt
aika|noun,38,aika,noun,time,"an hourglass as the clear main subject, large and centered, cozy children's storybook illustration, premium soft flat-vector style, rounded geometric shapes, muted warm colors, snowy winter day with a soft white landscape, soft rolling landscape, minimal clean composition, subtle tonal layering, no photorealism, no detailed textures, no harsh shadows, polished professional 2D digital illustration, wholesome and peaceful mood, no text"
vuosi|noun,86,vuosi,noun,year,"a wall calendar showing twelve months as the clear main subject, large and centered, cozy children's storybook illustration, premium soft flat-vector style, rounded geometric shapes, muted warm colors, misty early morning with a pale sky, soft rolling landscape, minimal clean composition, subtle tonal layering, no photorealism, no detailed textures, no harsh shadows, polished professional 2D digital illustration, wholesome and peaceful mood, no text"
päivä|noun,90,päivä,noun,day,"the sun high over a small house as the clear main subject, large and centered, cozy children's storybook illustration, premium soft flat-vector style, rounded geometric shapes, muted warm colors, misty early morning with a pale sky, soft rolling landscape, minimal clean composition, subtle tonal layering, no photorealism, no detailed textures, no harsh shadows, polished professional 2D digital illustration, wholesome and peaceful mood, no text"
raha|noun,132,raha,noun,money,"a pile of coins and banknotes as the clear main subject, large and centered, cozy children's storybook illustration, premium soft flat-vector style, rounded geometric shapes, muted warm colors, dark navy nighttime sky with subtle stars and a crescent moon, soft rolling landscape, minimal clean composition, subtle tonal layering, no photorealism, no detailed textures, no harsh shadows, polished professional 2D digital illustration, wholesome and peaceful mood, no text"
ilta|noun,199,ilta,noun,evening,"a sunset over rooftops as the clear main subject, large and centered, cozy children's storybook illustration, premium soft flat-vector style, rounded geometric shapes, muted warm colors, bright summer afternoon with a few fluffy clouds, soft rolling landscape, minimal clean composition, subtle tonal layering, no photorealism, no detailed textures, no harsh shadows, polished professional 2D digital illustration, wholesome and peaceful mood, no text"
yö|noun,203,yö,noun,night,"the moon and stars over a sleeping town as the clear main subject, large and centered, cozy children's storybook illustration, premium soft flat-vector style, rounded geometric shapes, muted warm colors, calm evening with a soft purple dusk sky, soft rolling landscape, minimal clean composition, subtle tonal layering, no photorealism, no detailed textures, no harsh shadows, polished professional 2D digital illustration, wholesome and peaceful mood, no text"
tunti|noun,228,tunti,noun,hour,"a round clock face as the clear main subject, large and centered, cozy children's storybook illustration, premium soft flat-vector style, rounded geometric shapes, muted warm colors, calm evening with a soft purple dusk sky, soft rolling landscape, minimal clean composition, subtle tonal layering, no photorealism, no detailed textures, no harsh shadows, polished professional 2D digital illustration, wholesome and peaceful mood, no text"
perhe|noun,231,perhe,noun,"family, nuclear family, immediate family","a family of parents with two children as the clear main subject, large and centered, cozy children's storybook illustration, premium soft flat-vector style, rounded geometric shapes, muted warm colors, soft daylight with a clear pale blue sky, soft rolling landscape, minimal clean composition, subtle tonal layering, no photorealism, no detailed textures, no harsh shadows, polished professional 2D digital illustration, wholesome and peaceful mood, no text"
viikko|noun,240,viikko,noun,week,"a calendar strip of seven days as the clear main subject, large and centered, cozy children's storybook illustration, premium soft flat-vector style, rounded geometric shapes, muted warm colors, warm golden sunset sky, soft rolling landscape, minimal clean composition, subtle tonal layering, no photorealism, no detailed textures, no harsh shadows, polished professional 2D digital illustration, wholesome and peaceful mood, no text"
matka|noun,255,matka,noun,"journey, trip, voyage","a suitcase on a winding road as the clear main subject, large and centered, cozy children's storybook illustration, premium soft flat-vector style, rounded geometric shapes, muted warm colors, warm golden sunset sky, soft rolling landscape, minimal clean composition, subtle tonal layering, no photorealism, no detailed textures, no harsh shadows, polished professional 2D digital illustration, wholesome and peaceful mood, no text"
onni|noun,259,onni,noun,"happiness, pleasure, contentment","a person jumping for joy as the clear main subject, large and centered, cozy children's storybook illustration, premium soft flat-vector style, rounded geometric shapes, muted warm colors, warm golden sunset sky, soft rolling landscape, minimal clean composition, subtle tonal layering, no photorealism, no detailed textures, no harsh shadows, polished professional 2D digital illustration, wholesome and peaceful mood, no text"
kuva|noun,275,kuva,noun,"picture, figure","a framed picture hanging on a wall as the clear main subject, large and centered, cozy children's storybook illustration, premium soft flat-vector style, rounded geometric shapes, muted warm colors, gentle overcast day with soft grey clouds, soft rolling landscape, minimal clean composition, subtle tonal layering, no photorealism, no detailed textures, no harsh shadows, polished professional 2D digital illustration, wholesome and peaceful mood, no text"
huone|noun,296,huone,noun,room,"a cozy room interior as the clear main subject, large and centered, cozy children's storybook illustration, premium soft flat-vector style, rounded geometric shapes, muted warm colors, autumn day with warm orange and brown foliage, soft rolling landscape, minimal clean composition, subtle tonal layering, no photorealism, no detailed textures, no harsh shadows, polished professional 2D digital illustration, wholesome and peaceful mood, no text"
tie|noun,304,tie,noun,"way, road, path","a country road as the clear main subject, large and centered, cozy children's storybook illustration, premium soft flat-vector style, rounded geometric shapes, muted warm colors, snowy winter day with a soft white landscape, soft rolling landscape, minimal clean composition, subtle tonal layering, no photorealism, no detailed textures, no harsh shadows, polished professional 2D digital illustration, wholesome and peaceful mood, no text"
minuutti|noun,310,minuutti,noun,minute,"a stopwatch as the clear main subject, large and centered, cozy children's storybook illustration, premium soft flat-vector style, rounded geometric shapes, muted warm colors, gentle overcast day with soft grey clouds, soft rolling landscape, minimal clean composition, subtle tonal layering, no photorealism, no detailed textures, no harsh shadows, polished professional 2D digital illustration, wholesome and peaceful mood, no text"
kysymys|noun,340,kysymys,noun,question,"a big question mark on a signpost as the clear main subject, large and centered, cozy children's storybook illustration, premium soft flat-vector style, rounded geometric shapes, muted warm colors, snowy winter day with a soft white landscape, soft rolling landscape, minimal clean composition, subtle tonal layering, no photorealism, no detailed textures, no harsh shadows, polished professional 2D digital illustration, wholesome and peaceful mood, no text"
aamu|noun,349,aamu,noun,morning,"a sunrise with a rooster as the clear main subject, large and centered, cozy children's storybook illustration, premium soft flat-vector style, rounded geometric shapes, muted warm colors, bright summer afternoon with a few fluffy clouds, soft rolling landscape, minimal clean composition, subtle tonal layering, no photorealism, no detailed textures, no harsh shadows, polished professional 2D digital illustration, wholesome and peaceful mood, no text"
kuukausi|noun,387,kuukausi,noun,month,"a single calendar page as the clear main subject, large and centered, cozy children's storybook illustration, premium soft flat-vector style, rounded geometric shapes, muted warm colors, autumn day with warm orange and brown foliage, soft rolling landscape, minimal clean composition, subtle tonal layering, no photorealism, no detailed textures, no harsh shadows, polished professional 2D digital illustration, wholesome and peaceful mood, no text"
rauha|noun,391,rauha,noun,"peace, harmony, calm","a white dove with an olive branch as the clear main subject, large and centered, cozy children's storybook illustration, premium soft flat-vector style, rounded geometric shapes, muted warm colors, gentle overcast day with soft grey clouds, soft rolling landscape, minimal clean composition, subtle tonal layering, no photorealism, no detailed textures, no harsh shadows, polished professional 2D digital illustration, wholesome and peaceful mood, no text"
peli|noun,399,peli,noun,game,"a board game with dice as the clear main subject, large and centered, cozy children's storybook illustration, premium soft flat-vector style, rounded geometric shapes, muted warm colors, soft daylight with a clear pale blue sky, soft rolling landscape, minimal clean composition, subtle tonal layering, no photorealism, no detailed textures, no harsh shadows, polished professional 2D digital illustration, wholesome and peaceful mood, no text"
sydän|noun,409,sydän,noun,heart,"a red heart as the clear main subject, large and centered, cozy children's storybook illustration, premium soft flat-vector style, rounded geometric shapes, muted warm colors, dark navy nighttime sky with subtle stars and a crescent moon, soft rolling landscape, minimal clean composition, subtle tonal layering, no photorealism, no detailed textures, no harsh shadows, polished professional 2D digital illustration, wholesome and peaceful mood, no text"
ääni|noun,410,ääni,noun,sound,"a megaphone with sound waves as the clear main subject, large and centered, cozy children's storybook illustration, premium soft flat-vector style, rounded geometric shapes, muted warm colors, misty early morning with a pale sky, soft rolling landscape, minimal clean composition, subtle tonal layering, no photorealism, no detailed textures, no harsh shadows, polished professional 2D digital illustration, wholesome and peaceful mood, no text"
rakkaus|noun,439,rakkaus,noun,"love, affection","two figures holding hands with a heart above them as the clear main subject, large and centered, cozy children's storybook illustration, premium soft flat-vector style, rounded geometric shapes, muted warm colors, calm evening with a soft purple dusk sky, soft rolling landscape, minimal clean composition, subtle tonal layering, no photorealism, no detailed textures, no harsh shadows, polished professional 2D digital illustration, wholesome and peaceful mood, no text"
tarina|noun,440,tarina,noun,"story, tale","an open storybook with a castle rising from its pages as the clear main subject, large and centered, cozy children's storybook illustration, premium soft flat-vector style, rounded geometric shapes, muted warm colors, misty early morning with a pale sky, soft rolling landscape, minimal clean composition, subtle tonal layering, no photorealism, no detailed textures, no harsh shadows, polished professional 2D digital illustration, wholesome and peaceful mood, no text"
ajatus|noun,446,ajatus,noun,thought,"a person with a thought bubble as the clear main subject, large and centered, cozy children's storybook illustration, premium soft flat-vector style, rounded geometric shapes, muted warm colors, light rain falling from a soft grey sky, soft rolling landscape, minimal clean composition, subtle tonal layering, no photorealism, no detailed textures, no harsh shadows, polished professional 2D digital illustration, wholesome and peaceful mood, no text"
viesti|noun,448,viesti,noun,message,"an envelope with a letter as the clear main subject, large and centered, cozy children's storybook illustration, premium soft flat-vector style, rounded geometric shapes, muted warm colors, dark navy nighttime sky with subtle stars and a crescent moon, soft rolling landscape, minimal clean composition, subtle tonal layering, no photorealism, no detailed textures, no harsh shadows, polished professional 2D digital illustration, wholesome and peaceful mood, no text"
suunnitelma|noun,460,suunnitelma,noun,plan,"a blueprint with a pencil and ruler as the clear main subject, large and centered, cozy children's storybook illustration, premium soft flat-vector style, rounded geometric shapes, muted warm colors, soft daylight with a clear pale blue sky, soft rolling landscape, minimal clean composition, subtle tonal layering, no photorealism, no detailed textures, no harsh shadows, polished professional 2D digital illustration, wholesome and peaceful mood, no text"
idea|noun,502,idea,noun,idea,"a glowing light bulb as the clear main subject, large and centered, cozy children's storybook illustration, premium soft flat-vector style, rounded geometric shapes, muted warm colors, misty early morning with a pale sky, soft rolling landscape, minimal clean composition, subtle tonal layering, no photorealism, no detailed textures, no harsh shadows, polished professional 2D digital illustration, wholesome and peaceful mood, no text"
uutinen|noun,510,uutinen,noun,"news, news item, item of news","a folded newspaper as the clear main subject, large and centered, cozy children's storybook illustration, premium soft flat-vector style, rounded geometric shapes, muted warm colors, light rain falling from a soft grey sky, soft rolling landscape, minimal clean composition, subtle tonal layering, no photorealism, no detailed textures, no harsh shadows, polished professional 2D digital illustration, wholesome and peaceful mood, no text"
uni|noun,526,uni,noun,sleep,"a person sleeping with zzz as the clear main subject, large and centered, cozy children's storybook illustration, premium soft flat-vector style, rounded geometric shapes, muted warm colors, misty early morning with a pale sky, soft rolling landscape, minimal clean composition, subtle tonal layering, no photorealism, no detailed textures, no harsh shadows, polished professional 2D digital illustration, wholesome and peaceful mood, no text"
valo|noun,533,valo,noun,light,"a glowing lantern as the clear main subject, large and centered, cozy children's storybook illustration, premium soft flat-vector style, rounded geometric shapes, muted warm colors, dark navy nighttime sky with subtle stars and a crescent moon, soft rolling landscape, minimal clean composition, subtle tonal layering, no photorealism, no detailed textures, no harsh shadows, polished professional 2D digital illustration, wholesome and peaceful mood, no text"
juhla|noun,547,juhla,noun,"party, celebration, carnival","balloons and confetti as the clear main subject, large and centered, cozy children's storybook illustration, premium soft flat-vector style, rounded geometric shapes, muted warm colors, light rain falling from a soft grey sky, soft rolling landscape, minimal clean composition, subtle tonal layering, no photorealism, no detailed textures, no harsh shadows, polished professional 2D digital illustration, wholesome and peaceful mood, no text"
vaate|noun,585,vaate,noun,"piece of clothing, garment","a shirt on a hanger as the clear main subject, large and centered, cozy children's storybook illustration, premium soft flat-vector style, rounded geometric shapes, muted warm colors, soft daylight with a clear pale blue sky, soft rolling landscape, minimal clean composition, subtle tonal layering, no photorealism, no detailed textures, no harsh shadows, polished professional 2D digital illustration, wholesome and peaceful mood, no text"
virhe|noun,593,virhe,noun,"mistake, blunder, error","a big red X mark as the clear main subject, large and centered, cozy children's storybook illustration, premium soft flat-vector style, rounded geometric shapes, muted warm colors, snowy winter day with a soft white landscape, soft rolling landscape, minimal clean composition, subtle tonal layering, no photorealism, no detailed textures, no harsh shadows, polished professional 2D digital illustration, wholesome and peaceful mood, no text"
päätös|noun,619,päätös,noun,decision,"a fork in the road with a signpost as the clear main subject, large and centered, cozy children's storybook illustration, premium soft flat-vector style, rounded geometric shapes, muted warm colors, gentle overcast day with soft grey clouds, soft rolling landscape, minimal clean composition, subtle tonal layering, no photorealism, no detailed textures, no harsh shadows, polished professional 2D digital illustration, wholesome and peaceful mood, no text"
suunta|noun,633,suunta,noun,direction,"a compass as the clear main subject, large and centered, cozy children's storybook illustration, premium soft flat-vector style, rounded geometric shapes, muted warm colors, calm evening with a soft purple dusk sky, soft rolling landscape, minimal clean composition, subtle tonal layering, no photorealism, no detailed textures, no harsh shadows, polished professional 2D digital illustration, wholesome and peaceful mood, no text"
salaisuus|noun,705,salaisuus,noun,secret,"a locked diary as the clear main subject, large and centered, cozy children's storybook illustration, premium soft flat-vector style, rounded geometric shapes, muted warm colors, dark navy nighttime sky with subtle stars and a crescent moon, soft rolling landscape, minimal clean composition, subtle tonal layering, no photorealism, no detailed textures, no harsh shadows, polished professional 2D digital illustration, wholesome and peaceful mood, no text"
musiikki|noun,720,musiikki,noun,music,"a guitar with musical notes as the clear main subject, large and centered, cozy children's storybook illustration, premium soft flat-vector style, rounded geometric shapes, muted warm colors, autumn day with warm orange and brown foliage, soft rolling landscape, minimal clean composition, subtle tonal layering, no photorealism, no detailed textures, no harsh shadows, polished professional 2D digital illustration, wholesome and peaceful mood, no text"
selkä|noun,728,selkä,noun,back,"the back of a standing person seen from behind as the clear main subject, large and centered, cozy children's storybook illustration, premium soft flat-vector style, rounded geometric shapes, muted warm colors, light rain falling from a soft grey sky, soft rolling landscape, minimal clean composition, subtle tonal layering, no photorealism, no detailed textures, no harsh shadows, polished professional 2D digital illustration, wholesome and peaceful mood, no text"
paperi|noun,733,paperi,noun,paper,"a blank sheet of paper as the clear main subject, large and centered, cozy children's storybook illustration, premium soft flat-vector style, rounded geometric shapes, muted warm colors, misty early morning with a pale sky, soft rolling landscape, minimal clean composition, subtle tonal layering, no photorealism, no detailed textures, no harsh shadows, polished professional 2D digital illustration, wholesome and peaceful mood, no text"
vaara|noun,767,vaara,noun,"danger, risk, peril","a warning triangle sign as the clear main subject, large and centered, cozy children's storybook illustration, premium soft flat-vector style, rounded geometric shapes, muted warm colors, gentle overcast day with soft grey clouds, soft rolling landscape, minimal clean composition, subtle tonal layering, no photorealism, no detailed textures, no harsh shadows, polished professional 2D digital illustration, wholesome and peaceful mood, no text"
nälkä|noun,770,nälkä,noun,hunger,"a person looking at an empty plate as the clear main subject, large and centered, cozy children's storybook illustration, premium soft flat-vector style, rounded geometric shapes, muted warm colors, warm golden sunset sky, soft rolling landscape, minimal clean composition, subtle tonal layering, no photorealism, no detailed textures, no harsh shadows, polished professional 2D digital illustration, wholesome and peaceful mood, no text"
hinta|noun,792,hinta,noun,price,"a price tag as the clear main subject, large and centered, cozy children's storybook illustration, premium soft flat-vector style, rounded geometric shapes, muted warm colors, gentle overcast day with soft grey clouds, soft rolling landscape, minimal clean composition, subtle tonal layering, no photorealism, no detailed textures, no harsh shadows, polished professional 2D digital illustration, wholesome and peaceful mood, no text"
kivi|noun,834,kivi,noun,a piece of stone which is larger than a grain of sand,"a grey stone as the clear main subject, large and centered, cozy children's storybook illustration, premium soft flat-vector style, rounded geometric shapes, muted warm colors, soft daylight with a clear pale blue sky, soft rolling landscape, minimal clean composition, subtle tonal layering, no photorealism, no detailed textures, no harsh shadows, polished professional 2D digital illustration, wholesome and peaceful mood, no text"
osoite|noun,850,osoite,noun,address,"a mailbox with a house number as the clear main subject, large and centered, cozy children's storybook illustration, premium soft flat-vector style, rounded geometric shapes, muted warm colors, snowy winter day with a soft white landscape, soft rolling landscape, minimal clean composition, subtle tonal layering, no photorealism, no detailed textures, no harsh shadows, polished professional 2D digital illustration, wholesome and peaceful mood, no text"
voitto|noun,869,voitto,noun,"victory, win, triumph","a golden trophy cup as the clear main subject, large and centered, cozy children's storybook illustration, premium soft flat-vector style, rounded geometric shapes, muted warm colors, calm evening with a soft purple dusk sky, soft rolling landscape, minimal clean composition, subtle tonal layering, no photorealism, no detailed textures, no harsh shadows, polished professional 2D digital illustration, wholesome and peaceful mood, no text"
raja|noun,870,raja,noun,"border, boundary, limit","a border crossing with a barrier as the clear main subject, large and centered, cozy children's storybook illustration, premium soft flat-vector style, rounded geometric shapes, muted warm colors, snowy winter day with a soft white landscape, soft rolling landscape, minimal clean composition, subtle tonal layering, no photorealism, no detailed textures, no harsh shadows, polished professional 2D digital illustration, wholesome and peaceful mood, no text"
laulu|noun,936,laulu,noun,song,"a person singing with musical notes as the clear main subject, large and centered, cozy children's storybook illustration, premium soft flat-vector style, rounded geometric shapes, muted warm colors, dark navy nighttime sky with subtle stars and a crescent moon, soft rolling landscape, minimal clean composition, subtle tonal layering, no photorealism, no detailed textures, no harsh shadows, polished professional 2D digital illustration, wholesome and peaceful mood, no text"
muisto|noun,941,muisto,noun,"memory, recollection","an old photo album as the clear main subject, large and centered, cozy children's storybook illustration, premium soft flat-vector style, rounded geometric shapes, muted warm colors, light rain falling from a soft grey sky, soft rolling landscape, minimal clean composition, subtle tonal layering, no photorealism, no detailed textures, no harsh shadows, polished professional 2D digital illustration, wholesome and peaceful mood, no text"
ryhmä|noun,738,ryhmä,noun,group,"a group of people standing together as the clear main subject, large and centered, cozy children's storybook illustration, premium soft flat-vector style, rounded geometric shapes, muted warm colors, gentle overcast day with soft grey clouds, soft rolling landscape, minimal clean composition, subtle tonal layering, no photorealism, no detailed textures, no harsh shadows, polished professional 2D digital illustration, wholesome and peaceful mood, no text"
apu|noun,176,apu,noun,"help, aid, assistance","one person pulling another up by the hand as the clear main subject, large and centered, cozy children's storybook illustration, premium soft flat-vector style, rounded geometric shapes, muted warm colors, misty early morning with a pale sky, soft rolling landscape, minimal clean composition, subtle tonal layering, no photorealism, no detailed textures, no harsh shadows, polished professional 2D digital illustration, wholesome and peaceful mood, no text"
loppu|noun,218,loppu,noun,"end, ending, finish","a finish line with a ribbon as the clear main subject, large and centered, cozy children's storybook illustration, premium soft flat-vector style, rounded geometric shapes, muted warm colors, dark navy nighttime sky with subtle stars and a crescent moon, soft rolling landscape, minimal clean composition, subtle tonal layering, no photorealism, no detailed textures, no harsh shadows, polished professional 2D digital illustration, wholesome and peaceful mood, no text"
laki|noun,523,laki,noun,act,"a gavel and scales of justice as the clear main subject, large and centered, cozy children's storybook illustration, premium soft flat-vector style, rounded geometric shapes, muted warm colors, dark navy nighttime sky with subtle stars and a crescent moon, soft rolling landscape, minimal clean composition, subtle tonal layering, no photorealism, no detailed textures, no harsh shadows, polished professional 2D digital illustration, wholesome and peaceful mood, no text"
puhelu|noun,701,puhelu,noun,"talk, conversation","a person talking on the phone as the clear main subject, large and centered, cozy children's storybook illustration, premium soft flat-vector style, rounded geometric shapes, muted warm colors, dark navy nighttime sky with subtle stars and a crescent moon, soft rolling landscape, minimal clean composition, subtle tonal layering, no photorealism, no detailed textures, no harsh shadows, polished professional 2D digital illustration, wholesome and peaceful mood, no text"
treffi|noun,909,treffi,noun,date (romantic; usually plural: treffit),"a couple at a candlelit table as the clear main subject, large and centered, cozy children's storybook illustration, premium soft flat-vector style, rounded geometric shapes, muted warm colors, bright summer afternoon with a few fluffy clouds, soft rolling landscape, minimal clean composition, subtle tonal layering, no photorealism, no detailed textures, no harsh shadows, polished professional 2D digital illustration, wholesome and peaceful mood, no text"
syödä|verb,171,syödä,verb,to eat,"a person eating a meal as the clear main subject, large and centered, cozy children's storybook illustration, premium soft flat-vector style, rounded geometric shapes, muted warm colors, light rain falling from a soft grey sky, soft rolling landscape, minimal clean composition, subtle tonal layering, no photorealism, no detailed textures, no harsh shadows, polished professional 2D digital illustration, wholesome and peaceful mood, no text"
juoda|verb,267,juoda,verb,to drink,"a person drinking from a cup as the clear main subject, large and centered, cozy children's storybook illustration, premium soft flat-vector style, rounded geometric shapes, muted warm colors, gentle overcast day with soft grey clouds, soft rolling landscape, minimal clean composition, subtle tonal layering, no photorealism, no detailed textures, no harsh shadows, polished professional 2D digital illustration, wholesome and peaceful mood, no text"
nukkua|verb,270,nukkua,verb,to sleep,"a person sleeping in bed as the clear main subject, large and centered, cozy children's storybook illustration, premium soft flat-vector style, rounded geometric shapes, muted warm colors, calm evening with a soft purple dusk sky, soft rolling landscape, minimal clean composition, subtle tonal layering, no photorealism, no detailed textures, no harsh shadows, polished professional 2D digital illustration, wholesome and peaceful mood, no text"
juosta|verb,468,juosta,verb,to run,"a person running as the clear main subject, large and centered, cozy children's storybook illustration, premium soft flat-vector style, rounded geometric shapes, muted warm colors, dark navy nighttime sky with subtle stars and a crescent moon, soft rolling landscape, minimal clean composition, subtle tonal layering, no photorealism, no detailed textures, no harsh shadows, polished professional 2D digital illustration, wholesome and peaceful mood, no text"
kävellä|verb,475,kävellä,verb,to walk,"a person walking as the clear main subject, large and centered, cozy children's storybook illustration, premium soft flat-vector style, rounded geometric shapes, muted warm colors, misty early morning with a pale sky, soft rolling landscape, minimal clean composition, subtle tonal layering, no photorealism, no detailed textures, no harsh shadows, polished professional 2D digital illustration, wholesome and peaceful mood, no text"
lukea|verb,230,lukea,verb,to read,"a person reading a book as the clear main subject, large and centered, cozy children's storybook illustration, premium soft flat-vector style, rounded geometric shapes, muted warm colors, soft daylight with a clear pale blue sky, soft rolling landscape, minimal clean composition, subtle tonal layering, no photorealism, no detailed textures, no harsh shadows, polished professional 2D digital illustration, wholesome and peaceful mood, no text"
kirjoittaa|verb,283,kirjoittaa,verb,to write,"a person writing at a desk as the clear main subject, large and centered, cozy children's storybook illustration, premium soft flat-vector style, rounded geometric shapes, muted warm colors, gentle overcast day with soft grey clouds, soft rolling landscape, minimal clean composition, subtle tonal layering, no photorealism, no detailed textures, no harsh shadows, polished professional 2D digital illustration, wholesome and peaceful mood, no text"
laulaa|verb,643,laulaa,verb,to sing,"a person singing as the clear main subject, large and centered, cozy children's storybook illustration, premium soft flat-vector style, rounded geometric shapes, muted warm colors, calm evening with a soft purple dusk sky, soft rolling landscape, minimal clean composition, subtle tonal layering, no photorealism, no detailed textures, no harsh shadows, polished professional 2D digital illustration, wholesome and peaceful mood, no text"
tanssia|verb,614,tanssia,verb,to dance,"a person dancing as the clear main subject, large and centered, cozy children's storybook illustration, premium soft flat-vector style, rounded geometric shapes, muted warm colors, calm evening with a soft purple dusk sky, soft rolling landscape, minimal clean composition, subtle tonal layering, no photorealism, no detailed textures, no harsh shadows, polished professional 2D digital illustration, wholesome and peaceful mood, no text"
hypätä|verb,681,hypätä,verb,"to jump, leap","a person jumping as the clear main subject, large and centered, cozy children's storybook illustration, premium soft flat-vector style, rounded geometric shapes, muted warm colors, light rain falling from a soft grey sky, soft rolling landscape, minimal clean composition, subtle tonal layering, no photorealism, no detailed textures, no harsh shadows, polished professional 2D digital illustration, wholesome and peaceful mood, no text"
istua|verb,225,istua,verb,"to sit, be sitting","a person sitting on a chair as the clear main subject, large and centered, cozy children's storybook illustration, premium soft flat-vector style, rounded geometric shapes, muted warm colors, gentle overcast day with soft grey clouds, soft rolling landscape, minimal clean composition, subtle tonal layering, no photorealism, no detailed textures, no harsh shadows, polished professional 2D digital illustration, wholesome and peaceful mood, no text"
seisoa|verb,673,seisoa,verb,to stand,"a person standing as the clear main subject, large and centered, cozy children's storybook illustration, premium soft flat-vector style, rounded geometric shapes, muted warm colors, gentle overcast day with soft grey clouds, soft rolling landscape, minimal clean composition, subtle tonal layering, no photorealism, no detailed textures, no harsh shadows, polished professional 2D digital illustration, wholesome and peaceful mood, no text"
ajaa|verb,284,ajaa,verb,"to drive, ride, travel","a person driving a car as the clear main subject, large and centered, cozy children's storybook illustration, premium soft flat-vector style, rounded geometric shapes, muted warm colors, gentle overcast day with soft grey clouds, soft rolling landscape, minimal clean composition, subtle tonal layering, no photorealism, no detailed textures, no harsh shadows, polished professional 2D digital illustration, wholesome and peaceful mood, no text"
lentää|verb,530,lentää,verb,to fly,"a person flying in a small plane as the clear main subject, large and centered, cozy children's storybook illustration, premium soft flat-vector style, rounded geometric shapes, muted warm colors, misty early morning with a pale sky, soft rolling landscape, minimal clean composition, subtle tonal layering, no photorealism, no detailed textures, no harsh shadows, polished professional 2D digital illustration, wholesome and peaceful mood, no text"
nauraa|verb,553,nauraa,verb,to laugh,"a person laughing as the clear main subject, large and centered, cozy children's storybook illustration, premium soft flat-vector style, rounded geometric shapes, muted warm colors, autumn day with warm orange and brown foliage, soft rolling landscape, minimal clean composition, subtle tonal layering, no photorealism, no detailed textures, no harsh shadows, polished professional 2D digital illustration, wholesome and peaceful mood, no text"
itkeä|verb,684,itkeä,verb,"to cry, weep","a person crying as the clear main subject, large and centered, cozy children's storybook illustration, premium soft flat-vector style, rounded geometric shapes, muted warm colors, bright summer afternoon with a few fluffy clouds, soft rolling landscape, minimal clean composition, subtle tonal layering, no photorealism, no detailed textures, no harsh shadows, polished professional 2D digital illustration, wholesome and peaceful mood, no text"
maksaa|verb,195,maksaa,verb,to pay,"a person paying at a counter as the clear main subject, large and centered, cozy children's storybook illustration, premium soft flat-vector style, rounded geometric shapes, muted warm colors, autumn day with warm orange and brown foliage, soft rolling landscape, minimal clean composition, subtle tonal layering, no photorealism, no detailed textures, no harsh shadows, polished professional 2D digital illustration, wholesome and peaceful mood, no text"
ostaa|verb,258,ostaa,verb,"to buy, purchase","a person buying groceries in a shop as the clear main subject, large and centered, cozy children's storybook illustration, premium soft flat-vector style, rounded geometric shapes, muted warm colors, soft daylight with a clear pale blue sky, soft rolling landscape, minimal clean composition, subtle tonal layering, no photorealism, no detailed textures, no harsh shadows, polished professional 2D digital illustration, wholesome and peaceful mood, no text"
myydä|verb,359,myydä,verb,to sell,"a person selling at a market stall as the clear main subject, large and centered, cozy children's storybook illustration, premium soft flat-vector style, rounded geometric shapes, muted warm colors, misty early morning with a pale sky, soft rolling landscape, minimal clean composition, subtle tonal layering, no photorealism, no detailed textures, no harsh shadows, polished professional 2D digital illustration, wholesome and peaceful mood, no text"
avata|verb,301,avata,verb,to open,"a person opening a door as the clear main subject, large and centered, cozy children's storybook illustration, premium soft flat-vector style, rounded geometric shapes, muted warm colors, gentle overcast day with soft grey clouds, soft rolling landscape, minimal clean composition, subtle tonal layering, no photorealism, no detailed textures, no harsh shadows, polished professional 2D digital illustration, wholesome and peaceful mood, no text"
sulkea|verb,422,sulkea,verb,"to close, shut","a person closing a door as the clear main subject, large and centered, cozy children's storybook illustration, premium soft flat-vector style, rounded geometric shapes, muted warm colors, misty early morning with a pale sky, soft rolling landscape, minimal clean composition, subtle tonal layering, no photorealism, no detailed textures, no harsh shadows, polished professional 2D digital illustration, wholesome and peaceful mood, no text"
heittää|verb,495,heittää,verb,"to throw, cast, hurl","a person throwing a ball as the clear main subject, large and centered, cozy children's storybook illustration, premium soft flat-vector style, rounded geometric shapes, muted warm colors, gentle overcast day with soft grey clouds, soft rolling landscape, minimal clean composition, subtle tonal layering, no photorealism, no detailed textures, no harsh shadows, polished professional 2D digital illustration, wholesome and peaceful mood, no text"
lyödä|verb,400,lyödä,verb,"to hit, strike, knock","a person hitting a nail with a hammer as the clear main subject, large and centered, cozy children's storybook illustration, premium soft flat-vector style, rounded geometric shapes, muted warm colors, misty early morning with a pale sky, soft rolling landscape, minimal clean composition, subtle tonal layering, no photorealism, no detailed textures, no harsh shadows, polished professional 2D digital illustration, wholesome and peaceful mood, no text"
kantaa|verb,674,kantaa,verb,"to carry, bear","a person carrying a box as the clear main subject, large and centered, cozy children's storybook illustration, premium soft flat-vector style, rounded geometric shapes, muted warm colors, autumn day with warm orange and brown foliage, soft rolling landscape, minimal clean composition, subtle tonal layering, no photorealism, no detailed textures, no harsh shadows, polished professional 2D digital illustration, wholesome and peaceful mood, no text"
vetää|verb,386,vetää,verb,"to pull, drag, draw","a person pulling a rope as the clear main subject, large and centered, cozy children's storybook illustration, premium soft flat-vector style, rounded geometric shapes, muted warm colors, light rain falling from a soft grey sky, soft rolling landscape, minimal clean composition, subtle tonal layering, no photorealism, no detailed textures, no harsh shadows, polished professional 2D digital illustration, wholesome and peaceful mood, no text"
rakentaa|verb,628,rakentaa,verb,"to build, construct, make","a person building a brick wall as the clear main subject, large and centered, cozy children's storybook illustration, premium soft flat-vector style, rounded geometric shapes, muted warm colors, snowy winter day with a soft white landscape, soft rolling landscape, minimal clean composition, subtle tonal layering, no photorealism, no detailed textures, no harsh shadows, polished professional 2D digital illustration, wholesome and peaceful mood, no text"
pelata|verb,372,pelata,verb,to play (participate in ),"two people playing a board game as the clear main subject, large and centered, cozy children's storybook illustration, premium soft flat-vector style, rounded geometric shapes, muted warm colors, autumn day with warm orange and brown foliage, soft rolling landscape, minimal clean composition, subtle tonal layering, no photorealism, no detailed textures, no harsh shadows, polished professional 2D digital illustration, wholesome and peaceful mood, no text"
leikkiä|verb,535,leikkiä,verb,to play,"children playing with toys as the clear main subject, large and centered, cozy children's storybook illustration, premium soft flat-vector style, rounded geometric shapes, muted warm colors, warm golden sunset sky, soft rolling landscape, minimal clean composition, subtle tonal layering, no photorealism, no detailed textures, no harsh shadows, polished professional 2D digital illustration, wholesome and peaceful mood, no text"
soittaa|verb,104,soittaa,verb,to play,"a person playing a guitar as the clear main subject, large and centered, cozy children's storybook illustration, premium soft flat-vector style, rounded geometric shapes, muted warm colors, dark navy nighttime sky with subtle stars and a crescent moon, soft rolling landscape, minimal clean composition, subtle tonal layering, no photorealism, no detailed textures, no harsh shadows, polished professional 2D digital illustration, wholesome and peaceful mood, no text"
puhua|verb,43,puhua,verb,"to speak, talk","a person speaking with a speech bubble as the clear main subject, large and centered, cozy children's storybook illustration, premium soft flat-vector style, rounded geometric shapes, muted warm colors, misty early morning with a pale sky, soft rolling landscape, minimal clean composition, subtle tonal layering, no photorealism, no detailed textures, no harsh shadows, polished professional 2D digital illustration, wholesome and peaceful mood, no text"
kuunnella|verb,188,kuunnella,verb,to listen,"a person listening with headphones as the clear main subject, large and centered, cozy children's storybook illustration, premium soft flat-vector style, rounded geometric shapes, muted warm colors, snowy winter day with a soft white landscape, soft rolling landscape, minimal clean composition, subtle tonal layering, no photorealism, no detailed textures, no harsh shadows, polished professional 2D digital illustration, wholesome and peaceful mood, no text"
katsoa|verb,60,katsoa,verb,"to look, watch","a person looking through binoculars as the clear main subject, large and centered, cozy children's storybook illustration, premium soft flat-vector style, rounded geometric shapes, muted warm colors, bright summer afternoon with a few fluffy clouds, soft rolling landscape, minimal clean composition, subtle tonal layering, no photorealism, no detailed textures, no harsh shadows, polished professional 2D digital illustration, wholesome and peaceful mood, no text"
kuulla|verb,73,kuulla,verb,to hear,"a person with a hand cupped to the ear as the clear main subject, large and centered, cozy children's storybook illustration, premium soft flat-vector style, rounded geometric shapes, muted warm colors, warm golden sunset sky, soft rolling landscape, minimal clean composition, subtle tonal layering, no photorealism, no detailed textures, no harsh shadows, polished professional 2D digital illustration, wholesome and peaceful mood, no text"
tavata|verb,103,tavata,verb,to meet,"two people shaking hands as the clear main subject, large and centered, cozy children's storybook illustration, premium soft flat-vector style, rounded geometric shapes, muted warm colors, soft daylight with a clear pale blue sky, soft rolling landscape, minimal clean composition, subtle tonal layering, no photorealism, no detailed textures, no harsh shadows, polished professional 2D digital illustration, wholesome and peaceful mood, no text"
palaa|verb,366,palaa,verb,to burn,"a small house on fire as the clear main subject, large and centered, cozy children's storybook illustration, premium soft flat-vector style, rounded geometric shapes, muted warm colors, bright summer afternoon with a few fluffy clouds, soft rolling landscape, minimal clean composition, subtle tonal layering, no photorealism, no detailed textures, no harsh shadows, polished professional 2D digital illustration, wholesome and peaceful mood, no text"
suudella|verb,883,suudella,verb,to kiss,"two people kissing as the clear main subject, large and centered, cozy children's storybook illustration, premium soft flat-vector style, rounded geometric shapes, muted warm colors, dark navy nighttime sky with subtle stars and a crescent moon, soft rolling landscape, minimal clean composition, subtle tonal layering, no photorealism, no detailed textures, no harsh shadows, polished professional 2D digital illustration, wholesome and peaceful mood, no text"
rukoilla|verb,838,rukoilla,verb,to pray,"a person praying as the clear main subject, large and centered, cozy children's storybook illustration, premium soft flat-vector style, rounded geometric shapes, muted warm colors, snowy winter day with a soft white landscape, soft rolling landscape, minimal clean composition, subtle tonal layering, no photorealism, no detailed textures, no harsh shadows, polished professional 2D digital illustration, wholesome and peaceful mood, no text"
levätä|verb,892,levätä,verb,"to rest, take a break/breather","a person resting in a hammock as the clear main subject, large and centered, cozy children's storybook illustration, premium soft flat-vector style, rounded geometric shapes, muted warm colors, soft daylight with a clear pale blue sky, soft rolling landscape, minimal clean composition, subtle tonal layering, no photorealism, no detailed textures, no harsh shadows, polished professional 2D digital illustration, wholesome and peaceful mood, no text"
siivota|verb,985,siivota,verb,"to clean, clean up, tidy up","a person sweeping the floor as the clear main subject, large and centered, cozy children's storybook illustration, premium soft flat-vector style, rounded geometric shapes, muted warm colors, light rain falling from a soft grey sky, soft rolling landscape, minimal clean composition, subtle tonal layering, no photorealism, no detailed textures, no harsh shadows, polished professional 2D digital illustration, wholesome and peaceful mood, no text"
pukeutua|verb,982,pukeutua,verb,"to get dressed, dress, put one's clothes on","a person getting dressed as the clear main subject, large and centered, cozy children's storybook illustration, premium soft flat-vector style, rounded geometric shapes, muted warm colors, autumn day with warm orange and brown foliage, soft rolling landscape, minimal clean composition, subtle tonal layering, no photorealism, no detailed textures, no harsh shadows, polished professional 2D digital illustration, wholesome and peaceful mood, no text"
sataa|verb,993,sataa,verb,"to rain (also to snow, sleet)","rain falling on a person with an umbrella as the clear main subject, large and centered, cozy children's storybook illustration, premium soft flat-vector style, rounded geometric shapes, muted warm colors, soft daylight with a clear pale blue sky, soft rolling landscape, minimal clean composition, subtle tonal layering, no photorealism, no detailed textures, no harsh shadows, polished professional 2D digital illustration, wholesome and peaceful mood, no text"
kasvaa|verb,651,kasvaa,verb,to grow,"a plant growing taller in stages as the clear main subject, large and centered, cozy children's storybook illustration, premium soft flat-vector style, rounded geometric shapes, muted warm colors, light rain falling from a soft grey sky, soft rolling landscape, minimal clean composition, subtle tonal layering, no photorealism, no detailed textures, no harsh shadows, polished professional 2D digital illustration, wholesome and peaceful mood, no text"
leikata|verb,763,leikata,verb,to cut,"a person cutting paper with scissors as the clear main subject, large and centered, cozy children's storybook illustration, premium soft flat-vector style, rounded geometric shapes, muted warm colors, snowy winter day with a soft white landscape, soft rolling landscape, minimal clean composition, subtle tonal layering, no photorealism, no detailed textures, no harsh shadows, polished professional 2D digital illustration, wholesome and peaceful mood, no text"
korjata|verb,597,korjata,verb,"to repair, fix, mend","a person repairing a bike with tools as the clear main subject, large and centered, cozy children's storybook illustration, premium soft flat-vector style, rounded geometric shapes, muted warm colors, misty early morning with a pale sky, soft rolling landscape, minimal clean composition, subtle tonal layering, no photorealism, no detailed textures, no harsh shadows, polished professional 2D digital illustration, wholesome and peaceful mood, no text"
opettaa|verb,524,opettaa,verb,"to teach, instruct","a teacher at a chalkboard as the clear main subject, large and centered, cozy children's storybook illustration, premium soft flat-vector style, rounded geometric shapes, muted warm colors, dark navy nighttime sky with subtle stars and a crescent moon, soft rolling landscape, minimal clean composition, subtle tonal layering, no photorealism, no detailed textures, no harsh shadows, polished professional 2D digital illustration, wholesome and peaceful mood, no text"
etsiä|verb,130,etsiä,verb,"to look for, seek, search","a person searching with a magnifying glass as the clear main subject, large and centered, cozy children's storybook illustration, premium soft flat-vector style, rounded geometric shapes, muted warm colors, gentle overcast day with soft grey clouds, soft rolling landscape, minimal clean composition, subtle tonal layering, no photorealism, no detailed textures, no harsh shadows, polished professional 2D digital illustration, wholesome and peaceful mood, no text"
odottaa|verb,71,odottaa,verb,"to wait, await, expect","a person waiting at a bus stop as the clear main subject, large and centered, cozy children's storybook illustration, premium soft flat-vector style, rounded geometric shapes, muted warm colors, dark navy nighttime sky with subtle stars and a crescent moon, soft rolling landscape, minimal clean composition, subtle tonal layering, no photorealism, no detailed textures, no harsh shadows, polished professional 2D digital illustration, wholesome and peaceful mood, no text"
herätä|verb,490,herätä,verb,"to wake up, awake, awaken","a person waking up to an alarm clock as the clear main subject, large and centered, cozy children's storybook illustration, premium soft flat-vector style, rounded geometric shapes, muted warm colors, misty early morning with a pale sky, soft rolling landscape, minimal clean composition, subtle tonal layering, no photorealism, no detailed textures, no harsh shadows, polished professional 2D digital illustration, wholesome and peaceful mood, no text"
nostaa|verb,532,nostaa,verb,"to lift, raise, elevate","a person lifting a heavy weight as the clear main subject, large and centered, cozy children's storybook illustration, premium soft flat-vector style, rounded geometric shapes, muted warm colors, gentle overcast day with soft grey clouds, soft rolling landscape, minimal clean composition, subtle tonal layering, no photorealism, no detailed textures, no harsh shadows, polished professional 2D digital illustration, wholesome and peaceful mood, no text"
pudota|verb,636,pudota,verb,to fall,"a person falling from a ladder as the clear main subject, large and centered, cozy children's storybook illustration, premium soft flat-vector style, rounded geometric shapes, muted warm colors, light rain falling from a soft grey sky, soft rolling landscape, minimal clean composition, subtle tonal layering, no photorealism, no detailed textures, no harsh shadows, polished professional 2D digital illustration, wholesome and peaceful mood, no text"
huutaa|verb,658,huutaa,verb,"to shout, yell, holler","a person shouting as the clear main subject, large and centered, cozy children's storybook illustration, premium soft flat-vector style, rounded geometric shapes, muted warm colors, soft daylight with a clear pale blue sky, soft rolling landscape, minimal clean composition, subtle tonal layering, no photorealism, no detailed textures, no harsh shadows, polished professional 2D digital illustration, wholesome and peaceful mood, no text"
painaa|verb,677,painaa,verb,"to press, push","a finger pressing a big button as the clear main subject, large and centered, cozy children's storybook illustration, premium soft flat-vector style, rounded geometric shapes, muted warm colors, autumn day with warm orange and brown foliage, soft rolling landscape, minimal clean composition, subtle tonal layering, no photorealism, no detailed textures, no harsh shadows, polished professional 2D digital illustration, wholesome and peaceful mood, no text"
kerätä|verb,928,kerätä,verb,"to collect, gather, accumulate","a person picking berries into a basket as the clear main subject, large and centered, cozy children's storybook illustration, premium soft flat-vector style, rounded geometric shapes, muted warm colors, misty early morning with a pale sky, soft rolling landscape, minimal clean composition, subtle tonal layering, no photorealism, no detailed textures, no harsh shadows, polished professional 2D digital illustration, wholesome and peaceful mood, no text"
työskennellä|verb,520,työskennellä,verb,to work,"a person working at a desk as the clear main subject, large and centered, cozy children's storybook illustration, premium soft flat-vector style, rounded geometric shapes, muted warm colors, autumn day with warm orange and brown foliage, soft rolling landscape, minimal clean composition, subtle tonal layering, no photorealism, no detailed textures, no harsh shadows, polished professional 2D digital illustration, wholesome and peaceful mood, no text"
tutkia|verb,328,tutkia,verb,"to examine, investigate, research","a scientist looking into a microscope as the clear main subject, large and centered, cozy children's storybook illustration, premium soft flat-vector style, rounded geometric shapes, muted warm colors, light rain falling from a soft grey sky, soft rolling landscape, minimal clean composition, subtle tonal layering, no photorealism, no detailed textures, no harsh shadows, polished professional 2D digital illustration, wholesome and peaceful mood, no text"
hoitaa|verb,174,hoitaa,verb,"to nurse, care for, take care of","a nurse caring for a patient as the clear main subject, large and centered, cozy children's storybook illustration, premium soft flat-vector style, rounded geometric shapes, muted warm colors, bright summer afternoon with a few fluffy clouds, soft rolling landscape, minimal clean composition, subtle tonal layering, no photorealism, no detailed textures, no harsh shadows, polished professional 2D digital illustration, wholesome and peaceful mood, no text"
maata|verb,555,maata,verb,to be lying,"a person lying on the grass as the clear main subject, large and centered, cozy children's storybook illustration, premium soft flat-vector style, rounded geometric shapes, muted warm colors, gentle overcast day with soft grey clouds, soft rolling landscape, minimal clean composition, subtle tonal layering, no photorealism, no detailed textures, no harsh shadows, polished professional 2D digital illustration, wholesome and peaceful mood, no text"
vanha|adj,145,vanha,adj,old,"an old man with a cane as the clear main subject, large and centered, cozy children's storybook illustration, premium soft flat-vector style, rounded geometric shapes, muted warm colors, bright summer afternoon with a few fluffy clouds, soft rolling landscape, minimal clean composition, subtle tonal layering, no photorealism, no detailed textures, no harsh shadows, polished professional 2D digital illustration, wholesome and peaceful mood, no text"
iso|adj,227,iso,adj,"big, large, great","a big elephant as the clear main subject, large and centered, cozy children's storybook illustration, premium soft flat-vector style, rounded geometric shapes, muted warm colors, snowy winter day with a soft white landscape, soft rolling landscape, minimal clean composition, subtle tonal layering, no photorealism, no detailed textures, no harsh shadows, polished professional 2D digital illustration, wholesome and peaceful mood, no text"
pieni|adj,198,pieni,adj,"small, little","a tiny mouse as the clear main subject, large and centered, cozy children's storybook illustration, premium soft flat-vector style, rounded geometric shapes, muted warm colors, light rain falling from a soft grey sky, soft rolling landscape, minimal clean composition, subtle tonal layering, no photorealism, no detailed textures, no harsh shadows, polished professional 2D digital illustration, wholesome and peaceful mood, no text"
pitkä|adj,233,pitkä,adj,long,"a tall giraffe as the clear main subject, large and centered, cozy children's storybook illustration, premium soft flat-vector style, rounded geometric shapes, muted warm colors, misty early morning with a pale sky, soft rolling landscape, minimal clean composition, subtle tonal layering, no photorealism, no detailed textures, no harsh shadows, polished professional 2D digital illustration, wholesome and peaceful mood, no text"
nopea|adj,280,nopea,adj,"fast, quick, rapid","a cheetah running fast as the clear main subject, large and centered, cozy children's storybook illustration, premium soft flat-vector style, rounded geometric shapes, muted warm colors, calm evening with a soft purple dusk sky, soft rolling landscape, minimal clean composition, subtle tonal layering, no photorealism, no detailed textures, no harsh shadows, polished professional 2D digital illustration, wholesome and peaceful mood, no text"
täysi|adj,290,täysi,adj,full,"a completely full glass of juice as the clear main subject, large and centered, cozy children's storybook illustration, premium soft flat-vector style, rounded geometric shapes, muted warm colors, calm evening with a soft purple dusk sky, soft rolling landscape, minimal clean composition, subtle tonal layering, no photorealism, no detailed textures, no harsh shadows, polished professional 2D digital illustration, wholesome and peaceful mood, no text"
tyhjä|adj,683,tyhjä,adj,"empty, void","an empty glass as the clear main subject, large and centered, cozy children's storybook illustration, premium soft flat-vector style, rounded geometric shapes, muted warm colors, soft daylight with a clear pale blue sky, soft rolling landscape, minimal clean composition, subtle tonal layering, no photorealism, no detailed textures, no harsh shadows, polished professional 2D digital illustration, wholesome and peaceful mood, no text"
musta|adj,478,musta,adj,black,"a black cat as the clear main subject, large and centered, cozy children's storybook illustration, premium soft flat-vector style, rounded geometric shapes, muted warm colors, gentle overcast day with soft grey clouds, soft rolling landscape, minimal clean composition, subtle tonal layering, no photorealism, no detailed textures, no harsh shadows, polished professional 2D digital illustration, wholesome and peaceful mood, no text"
valkoinen|adj,612,valkoinen,adj,white,"a white swan as the clear main subject, large and centered, cozy children's storybook illustration, premium soft flat-vector style, rounded geometric shapes, muted warm colors, warm golden sunset sky, soft rolling landscape, minimal clean composition, subtle tonal layering, no photorealism, no detailed textures, no harsh shadows, polished professional 2D digital illustration, wholesome and peaceful mood, no text"
punainen|adj,740,punainen,adj,red,"a red apple as the clear main subject, large and centered, cozy children's storybook illustration, premium soft flat-vector style, rounded geometric shapes, muted warm colors, misty early morning with a pale sky, soft rolling landscape, minimal clean composition, subtle tonal layering, no photorealism, no detailed textures, no harsh shadows, polished professional 2D digital illustration, wholesome and peaceful mood, no text"
kuuma|adj,663,kuuma,adj,hot,"a steaming hot mug as the clear main subject, large and centered, cozy children's storybook illustration, premium soft flat-vector style, rounded geometric shapes, muted warm colors, misty early morning with a pale sky, soft rolling landscape, minimal clean composition, subtle tonal layering, no photorealism, no detailed textures, no harsh shadows, polished professional 2D digital illustration, wholesome and peaceful mood, no text"
kylmä|adj,698,kylmä,adj,cold,"a shivering snowman as the clear main subject, large and centered, cozy children's storybook illustration, premium soft flat-vector style, rounded geometric shapes, muted warm colors, warm golden sunset sky, soft rolling landscape, minimal clean composition, subtle tonal layering, no photorealism, no detailed textures, no harsh shadows, polished professional 2D digital illustration, wholesome and peaceful mood, no text"
korkea|adj,685,korkea,adj,high,"a very tall mountain as the clear main subject, large and centered, cozy children's storybook illustration, premium soft flat-vector style, rounded geometric shapes, muted warm colors, light rain falling from a soft grey sky, soft rolling landscape, minimal clean composition, subtle tonal layering, no photorealism, no detailed textures, no harsh shadows, polished professional 2D digital illustration, wholesome and peaceful mood, no text"
raskas|adj,693,raskas,adj,heavy,"a person straining under a heavy boulder as the clear main subject, large and centered, cozy children's storybook illustration, premium soft flat-vector style, rounded geometric shapes, muted warm colors, light rain falling from a soft grey sky, soft rolling landscape, minimal clean composition, subtle tonal layering, no photorealism, no detailed textures, no harsh shadows, polished professional 2D digital illustration, wholesome and peaceful mood, no text"
syvä|adj,702,syvä,adj,deep,"a very deep well as the clear main subject, large and centered, cozy children's storybook illustration, premium soft flat-vector style, rounded geometric shapes, muted warm colors, bright summer afternoon with a few fluffy clouds, soft rolling landscape, minimal clean composition, subtle tonal layering, no photorealism, no detailed textures, no harsh shadows, polished professional 2D digital illustration, wholesome and peaceful mood, no text"
hidas|adj,784,hidas,adj,slow,"a slow snail as the clear main subject, large and centered, cozy children's storybook illustration, premium soft flat-vector style, rounded geometric shapes, muted warm colors, autumn day with warm orange and brown foliage, soft rolling landscape, minimal clean composition, subtle tonal layering, no photorealism, no detailed textures, no harsh shadows, polished professional 2D digital illustration, wholesome and peaceful mood, no text"
valtava|adj,797,valtava,adj,"huge, vast, colossal","a huge whale as the clear main subject, large and centered, cozy children's storybook illustration, premium soft flat-vector style, rounded geometric shapes, muted warm colors, light rain falling from a soft grey sky, soft rolling landscape, minimal clean composition, subtle tonal layering, no photorealism, no detailed textures, no harsh shadows, polished professional 2D digital illustration, wholesome and peaceful mood, no text"
pimeä|adj,861,pimeä,adj,dark,"a dark room with a single candle as the clear main subject, large and centered, cozy children's storybook illustration, premium soft flat-vector style, rounded geometric shapes, muted warm colors, light rain falling from a soft grey sky, soft rolling landscape, minimal clean composition, subtle tonal layering, no photorealism, no detailed textures, no harsh shadows, polished professional 2D digital illustration, wholesome and peaceful mood, no text"
rikas|adj,884,rikas,adj,"rich, wealthy, opulent","a rich person with a pile of gold coins as the clear main subject, large and centered, cozy children's storybook illustration, premium soft flat-vector style, rounded geometric shapes, muted warm colors, snowy winter day with a soft white landscape, soft rolling landscape, minimal clean composition, subtle tonal layering, no photorealism, no detailed textures, no harsh shadows, polished professional 2D digital illustration, wholesome and peaceful mood, no text"
lyhyt|adj,969,lyhyt,adj,short,"a short pencil beside a long pencil as the clear main subject, large and centered, cozy children's storybook illustration, premium soft flat-vector style, rounded geometric shapes, muted warm colors, light rain falling from a soft grey sky, soft rolling landscape, minimal clean composition, subtle tonal layering, no photorealism, no detailed textures, no harsh shadows, polished professional 2D digital illustration, wholesome and peaceful mood, no text"
vahva|adj,588,vahva,adj,"strong, powerful","a strongman lifting a barbell as the clear main subject, large and centered, cozy children's storybook illustration, premium soft flat-vector style, rounded geometric shapes, muted warm colors, calm evening with a soft purple dusk sky, soft rolling landscape, minimal clean composition, subtle tonal layering, no photorealism, no detailed textures, no harsh shadows, polished professional 2D digital illustration, wholesome and peaceful mood, no text"
sairas|adj,596,sairas,adj,"ill, sick","a sick person in bed with a thermometer as the clear main subject, large and centered, cozy children's storybook illustration, premium soft flat-vector style, rounded geometric shapes, muted warm colors, bright summer afternoon with a few fluffy clouds, soft rolling landscape, minimal clean composition, subtle tonal layering, no photorealism, no detailed textures, no harsh shadows, polished professional 2D digital illustration, wholesome and peaceful mood, no text"
vihainen|adj,605,vihainen,adj,angry,"an angry face as the clear main subject, large and centered, cozy children's storybook illustration, premium soft flat-vector style, rounded geometric shapes, muted warm colors, autumn day with warm orange and brown foliage, soft rolling landscape, minimal clean composition, subtle tonal layering, no photorealism, no detailed textures, no harsh shadows, polished professional 2D digital illustration, wholesome and peaceful mood, no text"
iloinen|adj,576,iloinen,adj,"happy, merry, cheerful","a happy smiling face as the clear main subject, large and centered, cozy children's storybook illustration, premium soft flat-vector style, rounded geometric shapes, muted warm colors, misty early morning with a pale sky, soft rolling landscape, minimal clean composition, subtle tonal layering, no photorealism, no detailed textures, no harsh shadows, polished professional 2D digital illustration, wholesome and peaceful mood, no text"
surullinen|adj,948,surullinen,adj,"sad, sorrowful","a sad face with a tear as the clear main subject, large and centered, cozy children's storybook illustration, premium soft flat-vector style, rounded geometric shapes, muted warm colors, misty early morning with a pale sky, soft rolling landscape, minimal clean composition, subtle tonal layering, no photorealism, no detailed textures, no harsh shadows, polished professional 2D digital illustration, wholesome and peaceful mood, no text"
sekainen|adj,930,sekainen,adj,"messy, disorderly, untidy","a messy room with clothes everywhere as the clear main subject, large and centered, cozy children's storybook illustration, premium soft flat-vector style, rounded geometric shapes, muted warm colors, bright summer afternoon with a few fluffy clouds, soft rolling landscape, minimal clean composition, subtle tonal layering, no photorealism, no detailed textures, no harsh shadows, polished professional 2D digital illustration, wholesome and peaceful mood, no text"
